{
  "properties": {
    "connectionReferences": {
      "shared_visualstudioteamservices_1": {
        "runtimeSource": "embedded",
        "connection": {
          "connectionReferenceLogicalName": "cont_AzureDevOps"
        },
        "api": {
          "name": "shared_visualstudioteamservices"
        }
      },
      "shared_commondataserviceforapps_1": {
        "runtimeSource": "embedded",
        "connection": {
          "connectionReferenceLogicalName": "cont_Dataverse"
        },
        "api": {
          "name": "shared_commondataserviceforapps"
        }
      }
    },
    "definition": {
      "$schema": "https://schema.management.azure.com/providers/Microsoft.Logic/schemas/2016-06-01/workflowdefinition.json#",
      "contentVersion": "1.0.0.0",
      "parameters": {
        "$connections": {
          "defaultValue": {},
          "type": "Object"
        },
        "$authentication": {
          "defaultValue": {},
          "type": "SecureObject"
        }
      },
      "triggers": {
        "When_an_Action_is_performed": {
          "metadata": {
            "operationMetadataId": "5a213dfd-9bc7-4ff9-822e-3d745cd8f953"
          },
          "type": "OpenApiConnectionWebhook",
          "inputs": {
            "host": {
              "connectionName": "shared_commondataserviceforapps_1",
              "operationId": "BusinessEventsTrigger",
              "apiId": "/providers/Microsoft.PowerApps/apis/shared_commondataserviceforapps"
            },
            "parameters": {
              "catalog": "commoncatalog",
              "category": "powerplatformpipelines",
              "subscriptionRequest/entityname": "none",
              "subscriptionRequest/sdkmessagename": "OnDeploymentRequested"
            },
            "authentication": "@parameters('$authentication')"
          },
          "conditions": [
            {
              "expression": "@equals(triggerOutputs()?['body/OutputParameters/DeploymentPipelineName'], 'Contoso Demo Deployment')"
            }
          ],
          "description": "Set the trigger condition in the settings as \"@equals(triggerOutputs()?['body/OutputParameters/DeploymentPipelineName'], 'Contoso Demo Deployment')\". This ensures that flow will only execute when the pipeline name is 'Contoso Demo Deployment'"
        }
      },
      "actions": {
        "Initialize_variable_runId": {
          "runAfter": {},
          "metadata": {
            "operationMetadataId": "797bc2c4-c65c-4036-884a-2d42baab7eb3"
          },
          "type": "InitializeVariable",
          "inputs": {
            "variables": [
              {
                "name": "runId",
                "type": "integer"
              }
            ]
          }
        },
        "Send_an_HTTP_request_to_Azure_DevOps_-Get_Pipeline": {
          "runAfter": {
            "Initialize_variable_runId": [
              "Succeeded"
            ]
          },
          "metadata": {
            "operationMetadataId": "1a7abe65-e199-4ac6-b56d-98088d56f9e4"
          },
          "type": "OpenApiConnection",
          "inputs": {
            "host": {
              "connectionName": "shared_visualstudioteamservices_1",
              "operationId": "HttpRequest",
              "apiId": "/providers/Microsoft.PowerApps/apis/shared_visualstudioteamservices"
            },
            "parameters": {
              "account": "SuparnaMsft",
              "parameters/Method": "GET",
              "parameters/Uri": "@{triggerOutputs()?['body/OutputParameters/ArtifactName']}/_apis/pipelines?api-version=7.0",
              "parameters/Body": "{\n}"
            },
            "authentication": "@parameters('$authentication')"
          }
        },
        "Parse_JSON": {
          "runAfter": {
            "Send_an_HTTP_request_to_Azure_DevOps_-Get_Pipeline": [
              "Succeeded"
            ]
          },
          "metadata": {
            "operationMetadataId": "86cdd67d-07ed-49a6-a9d5-388327fca5cb"
          },
          "type": "ParseJson",
          "inputs": {
            "content": "@body('Send_an_HTTP_request_to_Azure_DevOps_-Get_Pipeline')",
            "schema": {
              "type": "object",
              "properties": {
                "count": {
                  "type": "integer"
                },
                "value": {
                  "type": "array",
                  "items": {
                    "type": "object",
                    "properties": {
                      "_links": {
                        "type": "object",
                        "properties": {
                          "self": {
                            "type": "object",
                            "properties": {
                              "href": {
                                "type": "string"
                              }
                            }
                          },
                          "web": {
                            "type": "object",
                            "properties": {
                              "href": {
                                "type": "string"
                              }
                            }
                          }
                        }
                      },
                      "url": {
                        "type": "string"
                      },
                      "id": {
                        "type": "integer"
                      },
                      "revision": {
                        "type": "integer"
                      },
                      "name": {
                        "type": "string"
                      },
                      "folder": {
                        "type": "string"
                      }
                    },
                    "required": [
                      "_links",
                      "url",
                      "id",
                      "revision",
                      "name",
                      "folder"
                    ]
                  }
                }
              }
            }
          }
        },
        "Apply_to_each": {
          "foreach": "@body('Parse_JSON')?['value']",
          "actions": {
            "Condition": {
              "actions": {
                "Set_variable": {
                  "runAfter": {},
                  "metadata": {
                    "operationMetadataId": "c066c65a-8205-41a5-9609-13bee5f90da4"
                  },
                  "type": "SetVariable",
                  "inputs": {
                    "name": "runId",
                    "value": "@items('Apply_to_each')?['id']"
                  }
                }
              },
              "runAfter": {},
              "expression": {
                "equals": [
                  "@items('Apply_to_each')?['name']",
                  "Export Solution"
                ]
              },
              "metadata": {
                "operationMetadataId": "90c3f557-2a9e-48eb-ad3e-138d2ad1681c"
              },
              "type": "If"
            }
          },
          "runAfter": {
            "Parse_JSON": [
              "Succeeded"
            ]
          },
          "metadata": {
            "operationMetadataId": "de6cb8bb-7859-4eb8-976c-d0a05ae8e1ec"
          },
          "type": "Foreach"
        },
        "Send_an_HTTP_request_to_Azure_DevOps_-Run_Pipeline": {
          "runAfter": {
            "Apply_to_each": [
              "Succeeded"
            ]
          },
          "metadata": {
            "operationMetadataId": "1a7abe65-e199-4ac6-b56d-98088d56f9e4"
          },
          "type": "OpenApiConnection",
          "inputs": {
            "host": {
              "connectionName": "shared_visualstudioteamservices_1",
              "operationId": "HttpRequest",
              "apiId": "/providers/Microsoft.PowerApps/apis/shared_visualstudioteamservices"
            },
            "parameters": {
              "account": "SuparnaMsft",
              "parameters/Method": "POST",
              "parameters/Uri": "@{triggerOutputs()?['body/OutputParameters/ArtifactName']}/_apis/pipelines/@{variables('runId')}/runs?api-version=7.0",
              "parameters/Body": "{\n    \"resources\": {\n        \"repositories\": {\n            \"self\": {\n                \"refName\": \"refs/heads/main\"\n            }\n        }\n    },\n    \"variables\": {\n        \"SolutionName\": {\n            \"isSecret\": false,\n            \"value\":\"@{triggerOutputs()?['body/OutputParameters/ArtifactName']}\"\n        }\n    }\n}"
            },
            "authentication": "@parameters('$authentication')"
          }
        }
      }
    },
    "templateName": ""
  },
  "schemaVersion": "1.0.0.0"
}