{
  "properties": {
    "connectionReferences": {
      "shared_office365users": {
        "runtimeSource": "embedded",
        "connection": {
          "connectionReferenceLogicalName": "cont_sharedoffice365users_2fd57"
        },
        "api": {
          "name": "shared_office365users"
        }
      },
      "shared_office365": {
        "runtimeSource": "embedded",
        "connection": {
          "connectionReferenceLogicalName": "cont_sharedoffice365_cf56d"
        },
        "api": {
          "name": "shared_office365"
        }
      },
      "shared_commondataserviceforapps": {
        "runtimeSource": "embedded",
        "connection": {
          "connectionReferenceLogicalName": "cont_sharedcommondataserviceforapps_20f1a"
        },
        "api": {
          "name": "shared_commondataserviceforapps"
        }
      }
    },
    "definition": {
      "$schema": "https://schema.management.azure.com/providers/Microsoft.Logic/schemas/2016-06-01/workflowdefinition.json#",
      "contentVersion": "1.0.0.0",
      "parameters": {
        "$connections": {
          "defaultValue": {},
          "type": "Object"
        },
        "$authentication": {
          "defaultValue": {},
          "type": "SecureObject"
        }
      },
      "triggers": {
        "Recurrence": {
          "recurrence": {
            "frequency": "Week",
            "interval": 1,
            "startTime": "2023-11-08T10:00:00Z",
            "schedule": {
              "weekDays": [
                "Monday",
                "Tuesday",
                "Wednesday",
                "Thursday",
                "Friday"
              ]
            }
          },
          "metadata": {
            "operationMetadataId": "b6ff1e9c-d926-4bcc-a1c7-aabdb86a1582"
          },
          "type": "Recurrence"
        }
      },
      "actions": {
        "Initialize_variable_-reminderDay": {
          "runAfter": {},
          "metadata": {
            "operationMetadataId": "7c21d9ef-9110-41df-84cb-4834d234b644"
          },
          "type": "InitializeVariable",
          "inputs": {
            "variables": [
              {
                "name": "reminderDay",
                "type": "string"
              }
            ]
          },
          "description": "Variable to store the Reminder Day"
        },
        "Initialize_variable_-newReminderDay": {
          "runAfter": {
            "Initialize_variable_-reminderDay": [
              "Succeeded"
            ]
          },
          "metadata": {
            "operationMetadataId": "30d3773e-61cb-4d2e-8847-fad8f9608bf9"
          },
          "type": "InitializeVariable",
          "inputs": {
            "variables": [
              {
                "name": "newReminderDay",
                "type": "string"
              }
            ]
          },
          "description": "As Power Automate doesn't support self reference while updating variables, this variable is being used just to change the value of the reminderDay"
        },
        "Initialize_variable_arrHolidays": {
          "runAfter": {
            "Initialize_variable_-newReminderDay": [
              "Succeeded"
            ]
          },
          "metadata": {
            "operationMetadataId": "60fbb49d-2fc2-4228-8e2f-eecf640a0fdb"
          },
          "type": "InitializeVariable",
          "inputs": {
            "variables": [
              {
                "name": "arrHolidays",
                "type": "array"
              }
            ]
          },
          "description": "Variable to store the list of Holidays after getting those from a Dataverse table"
        },
        "Add_holidays_to_an_Array": {
          "foreach": "@outputs('Get_Holidays')?['body/value']",
          "actions": {
            "Append_to_array_variable": {
              "runAfter": {},
              "metadata": {
                "operationMetadataId": "b19b99ab-5e87-4209-a7e7-6a69cbe85bdd"
              },
              "type": "AppendToArrayVariable",
              "inputs": {
                "name": "arrHolidays",
                "value": "@formatDateTime(items('Add_holidays_to_an_Array')?['cont_date'],'yyyy-MM-dd')"
              }
            }
          },
          "runAfter": {
            "Get_Holidays": [
              "Succeeded"
            ]
          },
          "metadata": {
            "operationMetadataId": "ce3f8e9c-5dda-4791-9ba8-9c82e83bd31d"
          },
          "type": "Foreach"
        },
        "Loop_through_due_dates": {
          "foreach": "@outputs('Get_Due_Dates')?['body/value']",
          "actions": {
            "Set_variable_reminderDay_-_3_days_before_due_date_": {
              "runAfter": {},
              "metadata": {
                "operationMetadataId": "864d0d1d-60f5-4fcf-b30a-79c69daf1e05"
              },
              "type": "SetVariable",
              "inputs": {
                "name": "reminderDay",
                "value": "@{formatDateTime(addDays(items('Loop_through_due_dates')?['cont_duedate'], -3), 'yyyy-MM-dd')}"
              }
            },
            "Compose_2": {
              "runAfter": {
                "Do_until": [
                  "Succeeded"
                ]
              },
              "metadata": {
                "operationMetadataId": "91eeb2cf-5b08-4d43-a46c-d94f2f428b12"
              },
              "type": "Compose",
              "inputs": "@{variables('reminderDay')} - @{items('Loop_through_due_dates')?['cont_name']}",
              "description": "Just to test if the reminder day has been populated correctly, not a mandatory action"
            },
            "Do_until": {
              "actions": {
                "Switch_2": {
                  "runAfter": {
                    "Check_if_Holiday": [
                      "Succeeded"
                    ]
                  },
                  "cases": {
                    "Case_-Reminder_day_is_Sunday": {
                      "case": "Sunday",
                      "actions": {
                        "Set_variable_-reminderday_to_Friday_before_that_Sunday_2": {
                          "runAfter": {},
                          "metadata": {
                            "operationMetadataId": "250172cb-252d-4cc8-9322-e6d74c8d4f8f"
                          },
                          "type": "SetVariable",
                          "inputs": {
                            "name": "newReminderDay",
                            "value": "@{formatDateTime(addDays(variables('reminderDay'), -2), 'yyyy-MM-dd')}"
                          }
                        },
                        "Set_variable_3": {
                          "runAfter": {
                            "Set_variable_-reminderday_to_Friday_before_that_Sunday_2": [
                              "Succeeded"
                            ]
                          },
                          "metadata": {
                            "operationMetadataId": "44ad8585-690b-4936-b6a1-eae3b02c344b"
                          },
                          "type": "SetVariable",
                          "inputs": {
                            "name": "reminderDay",
                            "value": "@variables('newReminderDay')"
                          }
                        }
                      }
                    },
                    "Case_-_Reminder_Day_is_Saturday": {
                      "case": "Saturday",
                      "actions": {
                        "Set_variable_-reminderDay_to_Friday_before_that_Saturday_2": {
                          "runAfter": {},
                          "metadata": {
                            "operationMetadataId": "42130c73-071d-4b46-8ce3-22ab96b15df7"
                          },
                          "type": "SetVariable",
                          "inputs": {
                            "name": "newReminderDay",
                            "value": "@{formatDateTime(addDays(variables('reminderDay'), -1), 'yyyy-MM-dd')}"
                          }
                        },
                        "Set_variable_4": {
                          "runAfter": {
                            "Set_variable_-reminderDay_to_Friday_before_that_Saturday_2": [
                              "Succeeded"
                            ]
                          },
                          "metadata": {
                            "operationMetadataId": "fdc88cfc-1412-4d67-84c9-5897e03d51d1"
                          },
                          "type": "SetVariable",
                          "inputs": {
                            "name": "reminderDay",
                            "value": "@variables('newReminderDay')"
                          }
                        }
                      }
                    },
                    "Case_-Holiday": {
                      "case": "Holiday",
                      "actions": {
                        "Set_variable_newreminderDay_one_day_before_holiday": {
                          "runAfter": {},
                          "metadata": {
                            "operationMetadataId": "51a21996-a289-4ab4-9255-856af80832b4"
                          },
                          "type": "SetVariable",
                          "inputs": {
                            "name": "newReminderDay",
                            "value": "@{formatDateTime(addDays(variables('reminderDay'), -1), 'yyyy-MM-dd')}"
                          }
                        },
                        "Set_variable_5": {
                          "runAfter": {
                            "Set_variable_newreminderDay_one_day_before_holiday": [
                              "Succeeded"
                            ]
                          },
                          "metadata": {
                            "operationMetadataId": "fdc88cfc-1412-4d67-84c9-5897e03d51d1"
                          },
                          "type": "SetVariable",
                          "inputs": {
                            "name": "reminderDay",
                            "value": "@variables('newReminderDay')"
                          }
                        }
                      }
                    }
                  },
                  "default": {
                    "actions": {
                      "Set_variable_nonWorkingDayType_to_none": {
                        "runAfter": {},
                        "metadata": {
                          "operationMetadataId": "045ef3c6-af0c-4fd9-ac44-a21d6f74e691"
                        },
                        "type": "SetVariable",
                        "inputs": {
                          "name": "nonWorkingDayType",
                          "value": "none"
                        }
                      }
                    }
                  },
                  "expression": "@variables('nonWorkingDayType')",
                  "metadata": {
                    "operationMetadataId": "9a2c74a4-bb08-4816-b149-a87aa63eecd1"
                  },
                  "type": "Switch"
                },
                "check_if_Saturday": {
                  "actions": {
                    "Set_variable_nonWorkingDay_to_Saturday": {
                      "runAfter": {},
                      "metadata": {
                        "operationMetadataId": "8a9f1458-f271-41bc-9b18-d3d7c7eff5c5"
                      },
                      "type": "SetVariable",
                      "inputs": {
                        "name": "nonWorkingDayType",
                        "value": "Saturday"
                      }
                    }
                  },
                  "runAfter": {
                    "check_if_Sunday": [
                      "Succeeded"
                    ]
                  },
                  "expression": {
                    "equals": [
                      "@dayOfWeek(variables('reminderDay'))",
                      6
                    ]
                  },
                  "metadata": {
                    "operationMetadataId": "3a3f60b3-9aaf-4e18-8ce5-2925388bb59f"
                  },
                  "type": "If"
                },
                "Check_if_Holiday": {
                  "actions": {
                    "Set_variable_nonWorkingDayType_to_Holiday": {
                      "runAfter": {},
                      "metadata": {
                        "operationMetadataId": "d124483a-9c87-405e-a170-416138fd09d0"
                      },
                      "type": "SetVariable",
                      "inputs": {
                        "name": "nonWorkingDayType",
                        "value": "Holiday"
                      }
                    }
                  },
                  "runAfter": {
                    "check_if_Saturday": [
                      "Succeeded"
                    ]
                  },
                  "expression": {
                    "contains": [
                      "@variables('arrHolidays')",
                      "@formatDateTime(variables('reminderDay'),'yyyy-MM-dd')"
                    ]
                  },
                  "metadata": {
                    "operationMetadataId": "1fa4f967-7b0a-4b61-958e-b49036dd8949"
                  },
                  "type": "If"
                },
                "check_if_Sunday": {
                  "actions": {
                    "Set_variable_nonWorkingDay_to_sunday": {
                      "runAfter": {},
                      "metadata": {
                        "operationMetadataId": "364e8d33-9958-409c-9513-e54ec3354f87"
                      },
                      "type": "SetVariable",
                      "inputs": {
                        "name": "nonWorkingDayType",
                        "value": "Sunday"
                      }
                    }
                  },
                  "runAfter": {
                    "Set_variable_nonWorkingDayType_to_-_none": [
                      "Succeeded"
                    ]
                  },
                  "expression": {
                    "equals": [
                      "@dayOfWeek(variables('reminderDay'))",
                      0
                    ]
                  },
                  "metadata": {
                    "operationMetadataId": "c9a68a71-0179-4e72-8b02-94b8800a969c"
                  },
                  "type": "If"
                },
                "Set_variable_nonWorkingDayType_to_-_none": {
                  "runAfter": {},
                  "metadata": {
                    "operationMetadataId": "045ef3c6-af0c-4fd9-ac44-a21d6f74e691"
                  },
                  "type": "SetVariable",
                  "inputs": {
                    "name": "nonWorkingDayType",
                    "value": "none"
                  }
                }
              },
              "runAfter": {
                "Set_variable_reminderDay_-_3_days_before_due_date_": [
                  "Succeeded"
                ]
              },
              "expression": "@equals(variables('nonWorkingDayType'), 'none')",
              "limit": {
                "count": 10,
                "timeout": "PT1H"
              },
              "metadata": {
                "operationMetadataId": "777fc9e0-7631-48b9-9663-843597420b7e"
              },
              "type": "Until",
              "description": "This will check if the reminder day is Saturday, Sunday or a Holiday, and prepone the day based on non-working day type. This will run in a loop until a working day is found."
            },
            "Check_if_today_is_reminder_day": {
              "actions": {
                "Apply_to_each": {
                  "foreach": "@outputs('Get_mail_tips_for_a_mailbox_(V2)')?['body/value']",
                  "actions": {
                    "Condition": {
                      "actions": {
                        "Get_manager_(V2)": {
                          "runAfter": {},
                          "metadata": {
                            "operationMetadataId": "acc4dba2-2814-4998-a008-c93d395e710f"
                          },
                          "type": "OpenApiConnection",
                          "inputs": {
                            "host": {
                              "connectionName": "shared_office365users",
                              "operationId": "Manager_V2",
                              "apiId": "/providers/Microsoft.PowerApps/apis/shared_office365users"
                            },
                            "parameters": {
                              "id": "@items('Loop_through_due_dates')?['cont_assignedtoemail']"
                            },
                            "authentication": "@parameters('$authentication')"
                          }
                        },
                        "Set_variable_ccManagerEmail": {
                          "runAfter": {
                            "Get_manager_(V2)": [
                              "Succeeded"
                            ]
                          },
                          "metadata": {
                            "operationMetadataId": "346b50a1-c345-42b0-8120-38e06dfcd535"
                          },
                          "type": "SetVariable",
                          "inputs": {
                            "name": "ccManagerEmail",
                            "value": "@outputs('Get_manager_(V2)')?['body/mail']"
                          }
                        }
                      },
                      "runAfter": {},
                      "expression": {
                        "not": {
                          "equals": [
                            "@items('Apply_to_each')?['automaticReplies/message']",
                            "@null"
                          ]
                        }
                      },
                      "metadata": {
                        "operationMetadataId": "fefc74f5-1156-4876-a802-04f01290c0ad"
                      },
                      "type": "If"
                    }
                  },
                  "runAfter": {
                    "Get_mail_tips_for_a_mailbox_(V2)": [
                      "Succeeded"
                    ]
                  },
                  "metadata": {
                    "operationMetadataId": "ed17faa9-3633-47a5-8bcc-e9eb10aa20c7"
                  },
                  "type": "Foreach"
                },
                "Get_mail_tips_for_a_mailbox_(V2)": {
                  "runAfter": {},
                  "metadata": {
                    "operationMetadataId": "8bb278be-4e27-47ee-838a-929ec080b767"
                  },
                  "type": "OpenApiConnection",
                  "inputs": {
                    "host": {
                      "connectionName": "shared_office365",
                      "operationId": "GetMailTips_V2",
                      "apiId": "/providers/Microsoft.PowerApps/apis/shared_office365"
                    },
                    "parameters": {
                      "body/EmailAddresses": [
                        "@items('Loop_through_due_dates')?['cont_assignedtoemail']"
                      ]
                    },
                    "authentication": "@parameters('$authentication')"
                  },
                  "description": "Get Mail tips to check if the Out-of-office message is not blank"
                },
                "Send_an_email_(V2)": {
                  "runAfter": {
                    "Apply_to_each": [
                      "Succeeded"
                    ]
                  },
                  "metadata": {
                    "operationMetadataId": "ef878e87-3824-4b89-a5c9-e85b914866b1"
                  },
                  "type": "OpenApiConnection",
                  "inputs": {
                    "host": {
                      "connectionName": "shared_office365",
                      "operationId": "SendEmailV2",
                      "apiId": "/providers/Microsoft.PowerApps/apis/shared_office365"
                    },
                    "parameters": {
                      "emailMessage/To": "@items('Loop_through_due_dates')?['cont_assignedtoemail']",
                      "emailMessage/Subject": "You have tasks due on @{items('Loop_through_due_dates')?['cont_duedate']}",
                      "emailMessage/Body": "<p>You have tasks due on @{items('Loop_through_due_dates')?['cont_duedate']}<br>\nTask -@{items('Loop_through_due_dates')?['cont_name']}</p>",
                      "emailMessage/Cc": "@variables('ccManagerEmail')",
                      "emailMessage/Importance": "Normal"
                    },
                    "authentication": "@parameters('$authentication')"
                  }
                }
              },
              "runAfter": {
                "Compose_2": [
                  "Succeeded"
                ]
              },
              "expression": {
                "equals": [
                  "@variables('reminderDay')",
                  "@formatDateTime(utcNow(), 'yyyy-MM-dd')"
                ]
              },
              "metadata": {
                "operationMetadataId": "831b7758-4742-48a6-a5b2-d804fc171f77"
              },
              "type": "If"
            }
          },
          "runAfter": {
            "Get_Due_Dates": [
              "Succeeded"
            ]
          },
          "metadata": {
            "operationMetadataId": "7b288a7a-57ef-4d85-8193-f66b1b87fc67"
          },
          "type": "Foreach"
        },
        "Initialize_variable_nonWorkingDayType": {
          "runAfter": {
            "Initialize_variable_arrHolidays": [
              "Succeeded"
            ]
          },
          "metadata": {
            "operationMetadataId": "f98e992b-cfa7-458f-bea5-99579051e26c"
          },
          "type": "InitializeVariable",
          "inputs": {
            "variables": [
              {
                "name": "nonWorkingDayType",
                "type": "string"
              }
            ]
          },
          "description": "Variable to set the type of non-working Day"
        },
        "Initialize_variable_ccManagerEmail": {
          "runAfter": {
            "Initialize_variable_nonWorkingDayType": [
              "Succeeded"
            ]
          },
          "metadata": {
            "operationMetadataId": "bf25d3c4-8866-4dc1-a78d-f7b59c1339f8"
          },
          "type": "InitializeVariable",
          "inputs": {
            "variables": [
              {
                "name": "ccManagerEmail",
                "type": "string"
              }
            ]
          },
          "description": " Variable to store the maanger email of the receipient"
        },
        "Get_Holidays": {
          "runAfter": {
            "Initialize_variable_ccManagerEmail": [
              "Succeeded"
            ]
          },
          "metadata": {
            "operationMetadataId": "6d35763f-7147-4da3-9cf8-c72296bb6fbf"
          },
          "type": "OpenApiConnection",
          "inputs": {
            "host": {
              "connectionName": "shared_commondataserviceforapps",
              "operationId": "ListRecords",
              "apiId": "/providers/Microsoft.PowerApps/apis/shared_commondataserviceforapps"
            },
            "parameters": {
              "entityName": "cont_holidayses"
            },
            "authentication": "@parameters('$authentication')"
          }
        },
        "Get_Due_Dates": {
          "runAfter": {
            "Add_holidays_to_an_Array": [
              "Succeeded"
            ]
          },
          "metadata": {
            "operationMetadataId": "44a80d5a-72a7-445b-afc8-989ca77beac9"
          },
          "type": "OpenApiConnection",
          "inputs": {
            "host": {
              "connectionName": "shared_commondataserviceforapps",
              "operationId": "ListRecords",
              "apiId": "/providers/Microsoft.PowerApps/apis/shared_commondataserviceforapps"
            },
            "parameters": {
              "entityName": "cont_tasktrackers"
            },
            "authentication": "@parameters('$authentication')"
          }
        }
      }
    },
    "templateName": ""
  },
  "schemaVersion": "1.0.0.0"
}