{
  "properties": {
    "connectionReferences": {
      "shared_commondataserviceforapps_2": {
        "runtimeSource": "embedded",
        "connection": {
          "connectionReferenceLogicalName": "cont_Dataverse"
        },
        "api": {
          "name": "shared_commondataserviceforapps"
        }
      }
    },
    "definition": {
      "$schema": "https://schema.management.azure.com/providers/Microsoft.Logic/schemas/2016-06-01/workflowdefinition.json#",
      "contentVersion": "1.0.0.0",
      "parameters": {
        "$connections": {
          "defaultValue": {},
          "type": "Object"
        },
        "$authentication": {
          "defaultValue": {},
          "type": "SecureObject"
        }
      },
      "triggers": {
        "OnDeploymentRequested": {
          "metadata": {
            "operationMetadataId": "53c88a8e-7c07-45a0-b866-fbb2156b1572"
          },
          "type": "OpenApiConnectionWebhook",
          "inputs": {
            "host": {
              "connectionName": "shared_commondataserviceforapps_2",
              "operationId": "BusinessEventsTrigger",
              "apiId": "/providers/Microsoft.PowerApps/apis/shared_commondataserviceforapps"
            },
            "parameters": {
              "catalog": "commoncatalog",
              "category": "powerplatformpipelines",
              "subscriptionRequest/entityname": "none",
              "subscriptionRequest/sdkmessagename": "OnDeploymentRequested"
            },
            "authentication": "@parameters('$authentication')"
          },
          "conditions": [],
          "description": "Set the trigger condition in the settings as \"@equals(triggerOutputs()?['body/OutputParameters/DeploymentPipelineName'], 'Northwind Traders Pipeline')\". This ensures that flow will only execute when the pipeline name is 'Northwind Traders Pipeline'"
        }
      },
      "actions": {
        "Get_a_row_by_ID": {
          "runAfter": {
            "Initialize_variable_-NewBranch": [
              "Succeeded"
            ]
          },
          "metadata": {
            "operationMetadataId": "419cf568-daaa-4855-9998-4cf324a39f48"
          },
          "type": "OpenApiConnection",
          "inputs": {
            "host": {
              "connectionName": "shared_commondataserviceforapps_2",
              "operationId": "GetItem",
              "apiId": "/providers/Microsoft.PowerApps/apis/shared_commondataserviceforapps"
            },
            "parameters": {
              "entityName": "deploymentstageruns",
              "recordId": "@triggerOutputs()?['body/InputParameters/StageRunId']"
            },
            "authentication": "@parameters('$authentication')"
          }
        },
        "HTTP": {
          "runAfter": {
            "Get_a_row_by_ID": [
              "Succeeded"
            ]
          },
          "metadata": {
            "operationMetadataId": "836ade6e-8e30-43b0-9976-b4f247286e19"
          },
          "type": "Http",
          "inputs": {
            "method": "POST",
            "uri": "https://api.github.com/repos/@{variables('OrgName')}/@{variables('RepoName')}/actions/workflows/@{variables('WorkflowName')}/dispatches",
            "headers": {
              "Authorization": "Bearer @{variables('PersonalAccessToken')}"
            },
            "body": {
              "ref": "main",
              "inputs": {
                "artifact_url": "@{triggerOutputs()?['body/OutputParameters/ArtifactFileDownloadLink']}",
                "solution_name": "@{triggerOutputs()?['body/OutputParameters/ArtifactName']}",
                "user_name": "@{triggerOutputs()?['body/OutputParameters/DeployAsUser']}",
                "existing_branch": "@{variables('ExistingBranch')}",
                "new_branch": "@{variables('NewBranch')}",
                "commit_message": "Commiting @{outputs('Get_a_row_by_ID')?['body/artifactname']}"
              }
            }
          }
        },
        "Initialize_variable_-OrgName": {
          "runAfter": {},
          "metadata": {
            "operationMetadataId": "26fbcf46-40d2-4919-bdca-97559e611b74"
          },
          "type": "InitializeVariable",
          "inputs": {
            "variables": [
              {
                "name": "OrgName",
                "type": "string"
              }
            ]
          }
        },
        "Initialize_variable_-RepoName_": {
          "runAfter": {
            "Initialize_variable_-OrgName": [
              "Succeeded"
            ]
          },
          "metadata": {
            "operationMetadataId": "93dbfbf0-17c3-405d-bbde-a422cbd7178d"
          },
          "type": "InitializeVariable",
          "inputs": {
            "variables": [
              {
                "name": "RepoName",
                "type": "string"
              }
            ]
          }
        },
        "Initialize_variable_-WorkflowName": {
          "runAfter": {
            "Initialize_variable_-RepoName_": [
              "Succeeded"
            ]
          },
          "metadata": {
            "operationMetadataId": "d3d96a07-dc34-4bb0-a6f9-ac9eb8706466"
          },
          "type": "InitializeVariable",
          "inputs": {
            "variables": [
              {
                "name": "WorkflowName",
                "type": "string"
              }
            ]
          }
        },
        "Initialize_variable_-PersonalAccessToken": {
          "runAfter": {
            "Initialize_variable_-WorkflowName": [
              "Succeeded"
            ]
          },
          "metadata": {
            "operationMetadataId": "0e7fc194-2a4c-4832-a287-be2e088ab4b8"
          },
          "type": "InitializeVariable",
          "inputs": {
            "variables": [
              {
                "name": "PersonalAccessToken",
                "type": "string"
              }
            ]
          }
        },
        "Initialize_variable_-NewBranch": {
          "runAfter": {
            "Initialize_variable_-ExistingBranch": [
              "Succeeded"
            ]
          },
          "metadata": {
            "operationMetadataId": "45db1d66-417d-49a6-ac74-787c099de090"
          },
          "type": "InitializeVariable",
          "inputs": {
            "variables": [
              {
                "name": "NewBranch",
                "type": "string",
                "value": "@{concat(triggerOutputs()?['body/OutputParameters/ArtifactName'],triggerOutputs()?['body/InputParameters/StageRunId'])}"
              }
            ]
          },
          "description": "Add value only if you want to create a new branch, else keep this blank, and the solution will be committed to the existing branch then"
        },
        "Initialize_variable_-ExistingBranch": {
          "runAfter": {
            "Initialize_variable_-PersonalAccessToken": [
              "Succeeded"
            ]
          },
          "metadata": {
            "operationMetadataId": "0c8ecc30-1c7e-4392-b286-164b7746d673"
          },
          "type": "InitializeVariable",
          "inputs": {
            "variables": [
              {
                "name": "ExistingBranch",
                "type": "string",
                "value": "main"
              }
            ]
          }
        }
      }
    },
    "templateName": ""
  },
  "schemaVersion": "1.0.0.0"
}