{
  "properties": {
    "connectionReferences": {
      "shared_azuread_1": {
        "runtimeSource": "invoker",
        "connection": {
          "connectionReferenceLogicalName": "cont_MicrosoftEntraID"
        },
        "api": {
          "name": "shared_azuread"
        }
      },
      "shared_powerappsforappmakers_1": {
        "runtimeSource": "invoker",
        "connection": {
          "connectionReferenceLogicalName": "cont_PowerAppsforMakers"
        },
        "api": {
          "name": "shared_powerappsforappmakers"
        }
      },
      "shared_commondataserviceforapps": {
        "runtimeSource": "embedded",
        "connection": {
          "connectionReferenceLogicalName": "cont_sharedcommondataserviceforapps_cd2d8"
        },
        "api": {
          "name": "shared_commondataserviceforapps"
        }
      },
      "shared_office365_1": {
        "runtimeSource": "invoker",
        "connection": {
          "connectionReferenceLogicalName": "cont_Office365Outlook"
        },
        "api": {
          "name": "shared_office365"
        }
      }
    },
    "definition": {
      "$schema": "https://schema.management.azure.com/providers/Microsoft.Logic/schemas/2016-06-01/workflowdefinition.json#",
      "contentVersion": "1.0.0.0",
      "parameters": {
        "$connections": {
          "defaultValue": {},
          "type": "Object"
        },
        "$authentication": {
          "defaultValue": {},
          "type": "SecureObject"
        }
      },
      "triggers": {
        "manual": {
          "metadata": {
            "operationMetadataId": "38ea37fa-87af-4692-b9bc-532d466ebcca"
          },
          "type": "Request",
          "kind": "PowerAppV2",
          "inputs": {
            "schema": {
              "type": "object",
              "properties": {
                "text": {
                  "title": "itemId",
                  "type": "string",
                  "x-ms-dynamically-added": true,
                  "description": "Please enter your input",
                  "x-ms-content-hint": "TEXT"
                },
                "text_1": {
                  "title": "userid",
                  "type": "string",
                  "x-ms-dynamically-added": true,
                  "description": "Please enter your input",
                  "x-ms-content-hint": "TEXT"
                },
                "text_2": {
                  "title": "tableName",
                  "type": "string",
                  "x-ms-dynamically-added": true,
                  "description": "Please enter your input",
                  "x-ms-content-hint": "TEXT"
                },
                "text_3": {
                  "title": "itemlink",
                  "type": "string",
                  "x-ms-dynamically-added": true,
                  "description": "Please enter your input",
                  "x-ms-content-hint": "TEXT"
                },
                "text_4": {
                  "title": "useremail",
                  "type": "string",
                  "x-ms-dynamically-added": true,
                  "description": "Please enter your input",
                  "x-ms-content-hint": "TEXT"
                },
                "text_5": {
                  "title": "appId",
                  "type": "string",
                  "x-ms-dynamically-added": true,
                  "description": "Please enter your input",
                  "x-ms-content-hint": "TEXT"
                }
              },
              "required": [
                "text",
                "text_1",
                "text_2",
                "text_3",
                "text_4",
                "text_5"
              ]
            }
          }
        }
      },
      "actions": {
        "Check_if_user_has_access_to_the_App,_if_not_provide_Read_access": {
          "actions": {
            "Get_user": {
              "runAfter": {},
              "metadata": {
                "operationMetadataId": "f49a87d7-959d-433f-9933-c0da8e8402c3"
              },
              "type": "OpenApiConnection",
              "inputs": {
                "host": {
                  "connectionName": "shared_azuread_1",
                  "operationId": "GetUser",
                  "apiId": "/providers/Microsoft.PowerApps/apis/shared_azuread"
                },
                "parameters": {
                  "id": "@triggerBody()['text_4']"
                },
                "authentication": "@parameters('$authentication')"
              }
            },
            "Get_App_Role_Assignments": {
              "runAfter": {
                "Get_user": [
                  "Succeeded"
                ]
              },
              "metadata": {
                "operationMetadataId": "b9ddb28b-aea8-455b-8ff1-bb1fc2a115ea"
              },
              "type": "OpenApiConnection",
              "inputs": {
                "host": {
                  "connectionName": "shared_powerappsforappmakers_1",
                  "operationId": "Get-AppRoleAssignment",
                  "apiId": "/providers/Microsoft.PowerApps/apis/shared_powerappsforappmakers"
                },
                "parameters": {
                  "app": "@triggerBody()['text_5']",
                  "api-version": "2017-06-01",
                  "$top": 250
                },
                "authentication": "@parameters('$authentication')"
              }
            },
            "Apply_to_each": {
              "foreach": "@outputs('Get_App_Role_Assignments')?['body/value']",
              "actions": {
                "Append_to_array_variable": {
                  "runAfter": {},
                  "metadata": {
                    "operationMetadataId": "52bdffad-70cd-42ce-9f46-fea9a650f349"
                  },
                  "type": "AppendToArrayVariable",
                  "inputs": {
                    "name": "currentAppusers",
                    "value": "@items('Apply_to_each')?['properties/principal/email']"
                  }
                }
              },
              "runAfter": {
                "Get_App_Role_Assignments": [
                  "Succeeded"
                ]
              },
              "metadata": {
                "operationMetadataId": "8bbeddce-91fd-4f14-9abc-5008151d98ac"
              },
              "type": "Foreach"
            },
            "Condition_2": {
              "actions": {
                "Edit_App_Role_Assignment_2": {
                  "runAfter": {},
                  "metadata": {
                    "operationMetadataId": "ff619b88-6ef5-49f9-9e92-a8de56f93bb0"
                  },
                  "type": "OpenApiConnection",
                  "inputs": {
                    "host": {
                      "connectionName": "shared_powerappsforappmakers_1",
                      "operationId": "Edit-AppRoleAssignment",
                      "apiId": "/providers/Microsoft.PowerApps/apis/shared_powerappsforappmakers"
                    },
                    "parameters": {
                      "app": "@triggerBody()['text_5']",
                      "api-version": "2016-11-01",
                      "$filter": "environment eq ''",
                      "Content-Type": "application/json",
                      "body/put": [
                        {
                          "properties/principal/email": "@triggerBody()['text_4']",
                          "properties/principal/tenantId": "@variables('tenantId')",
                          "properties/principal/id": "@outputs('Get_user')?['body/id']",
                          "properties/NotifyShareTargetOption": "Notify",
                          "properties/roleName": "CanView"
                        }
                      ]
                    },
                    "authentication": "@parameters('$authentication')"
                  }
                }
              },
              "runAfter": {
                "Apply_to_each": [
                  "Succeeded"
                ]
              },
              "expression": {
                "not": {
                  "contains": [
                    "@variables('currentAppusers')",
                    "@triggerBody()['text_4']"
                  ]
                }
              },
              "metadata": {
                "operationMetadataId": "6b8d1d02-1bfd-49cd-a547-9d75d0d12261"
              },
              "type": "If"
            }
          },
          "runAfter": {
            "Initialize_variable_Environment_URL": [
              "Succeeded"
            ]
          },
          "metadata": {
            "operationMetadataId": "2d5fa19a-f548-4059-a5c9-940bbf7e81f3"
          },
          "type": "Scope"
        },
        "Check_if_user_has_access_to_the_Dataverse_record,_if_not_provide_read_access": {
          "actions": {
            "HTTP": {
              "runAfter": {},
              "metadata": {
                "operationMetadataId": "fe4dc34e-948f-477e-aab6-4131672f601d"
              },
              "type": "Http",
              "inputs": {
                "method": "GET",
                "uri": "@{variables('envUrl')}/api/data/v9.2/systemusers(@{triggerBody()['text_1']})/Microsoft.Dynamics.CRM.RetrievePrincipalAccess(Target=@p1)?@p1={'@odata.id':'@{triggerBody()['text_2']}(@{triggerBody()['text']})'}",
                "authentication": {
                  "type": "ActiveDirectoryOAuth",
                  "tenant": "@variables('tenantId')",
                  "audience": "@variables('envUrl')",
                  "clientId": "@variables('clientId')",
                  "secret": "@variables('clientSecret')"
                }
              }
            },
            "Parse_JSON": {
              "runAfter": {
                "HTTP": [
                  "Succeeded"
                ]
              },
              "metadata": {
                "operationMetadataId": "81c044d2-65b6-4a40-b4b8-a6405efb0408"
              },
              "type": "ParseJson",
              "inputs": {
                "content": "@body('HTTP')",
                "schema": {
                  "type": "object",
                  "properties": {
                    "@@odata.context": {
                      "type": "string"
                    },
                    "AccessRights": {
                      "type": "string"
                    }
                  }
                }
              }
            },
            "Condition_3": {
              "actions": {
                "Perform_an_unbound_action": {
                  "runAfter": {},
                  "metadata": {
                    "operationMetadataId": "df9e5d27-284d-4477-9cee-d1d904d35287"
                  },
                  "type": "OpenApiConnection",
                  "inputs": {
                    "host": {
                      "connectionName": "shared_commondataserviceforapps",
                      "operationId": "PerformUnboundAction",
                      "apiId": "/providers/Microsoft.PowerApps/apis/shared_commondataserviceforapps"
                    },
                    "parameters": {
                      "actionName": "GrantAccess",
                      "item/Target": "@{triggerBody()['text_2']}(@{triggerBody()['text']})",
                      "item/PrincipalAccess": {
                        "Principal": {
                          "systemuserid": "@{triggerBody()['text_1']}",
                          "@@odata.type": "Microsoft.Dynamics.CRM.systemuser"
                        },
                        "AccessMask": "ReadAccess"
                      }
                    },
                    "authentication": "@parameters('$authentication')"
                  }
                }
              },
              "runAfter": {
                "Parse_JSON": [
                  "Succeeded"
                ]
              },
              "expression": {
                "equals": [
                  "@body('Parse_JSON')?['AccessRights']",
                  "None"
                ]
              },
              "metadata": {
                "operationMetadataId": "2d9752b5-aaa4-4d43-8a5b-3b05ddab2393"
              },
              "type": "If"
            }
          },
          "runAfter": {
            "Check_if_user_has_access_to_the_App,_if_not_provide_Read_access": [
              "Succeeded"
            ]
          },
          "metadata": {
            "operationMetadataId": "940cd5ad-96a2-4c5c-84a4-8868b26bd2cf"
          },
          "type": "Scope"
        },
        "Send_email_to_user_with_deep_link_to_item": {
          "actions": {
            "Send_an_email_(V2)": {
              "runAfter": {},
              "metadata": {
                "operationMetadataId": "fcc894f8-988f-4eca-a42f-b9b3b990ede2"
              },
              "type": "OpenApiConnection",
              "inputs": {
                "host": {
                  "connectionName": "shared_office365_1",
                  "operationId": "SendEmailV2",
                  "apiId": "/providers/Microsoft.PowerApps/apis/shared_office365"
                },
                "parameters": {
                  "emailMessage/To": "@triggerBody()['text_4']",
                  "emailMessage/Subject": "An item has been shared with you",
                  "emailMessage/Body": "<p><a href=\"@{triggerBody()['text_3']}\">View item</a></p>",
                  "emailMessage/Cc": "admin@M365x936635.onmicrosoft.com",
                  "emailMessage/Importance": "Normal"
                },
                "authentication": "@parameters('$authentication')"
              }
            }
          },
          "runAfter": {
            "Check_if_user_has_access_to_the_Dataverse_record,_if_not_provide_read_access": [
              "Succeeded"
            ]
          },
          "metadata": {
            "operationMetadataId": "7832506b-3242-49e2-9931-4b59f6323cdb"
          },
          "type": "Scope"
        },
        "Initialize_variable_currentAppusers": {
          "runAfter": {},
          "metadata": {
            "operationMetadataId": "1a60caad-f5b8-4107-a684-d5ec00f8e71a"
          },
          "type": "InitializeVariable",
          "inputs": {
            "variables": [
              {
                "name": "currentAppusers",
                "type": "array"
              }
            ]
          }
        },
        "Initialize_variable_tenantId": {
          "runAfter": {
            "Initialize_variable_currentAppusers": [
              "Succeeded"
            ]
          },
          "metadata": {
            "operationMetadataId": "41d87172-16ad-49fa-8c81-5fc022ecfa25"
          },
          "type": "InitializeVariable",
          "inputs": {
            "variables": [
              {
                "name": "tenantId",
                "type": "string"
              }
            ]
          }
        },
        "Initialize_variable_App_Registration_Client_Id_or_Application_Id": {
          "runAfter": {
            "Initialize_variable_tenantId": [
              "Succeeded"
            ]
          },
          "metadata": {
            "operationMetadataId": "6fc9b6be-8859-4835-93c8-beea104a1432"
          },
          "type": "InitializeVariable",
          "inputs": {
            "variables": [
              {
                "name": "clientId",
                "type": "string"
              }
            ]
          }
        },
        "Initialize_variable_App_registration_Client_Secret": {
          "runAfter": {
            "Initialize_variable_App_Registration_Client_Id_or_Application_Id": [
              "Succeeded"
            ]
          },
          "metadata": {
            "operationMetadataId": "14ce0913-8783-44c8-9a4b-5a822fd4b68c"
          },
          "type": "InitializeVariable",
          "inputs": {
            "variables": [
              {
                "name": "clientSecret",
                "type": "string"
              }
            ]
          }
        },
        "Initialize_variable_Environment_URL": {
          "runAfter": {
            "Initialize_variable_App_registration_Client_Secret": [
              "Succeeded"
            ]
          },
          "metadata": {
            "operationMetadataId": "f1a2ef9f-72b9-4334-8875-0f1e0f3af408"
          },
          "type": "InitializeVariable",
          "inputs": {
            "variables": [
              {
                "name": "envUrl",
                "type": "string"
              }
            ]
          }
        }
      }
    },
    "templateName": ""
  },
  "schemaVersion": "1.0.0.0"
}